"","latitude","longitude","authoryear"
"1",32.871426,120.826585,"guo_2019"
"2",32.871426,120.826585,"guo_2019"
"3",32.871426,120.826585,"guo_2019"
"4",32.871426,120.826585,"guo_2019"
"5",32.871426,120.826585,"guo_2019"
"6",32.871426,120.826585,"guo_2019"
"7",32.871426,120.826585,"guo_2019"
"8",32.871426,120.826585,"guo_2019"
"9",32.871426,120.826585,"guo_2019"
"10",32.871426,120.83,"guo_2019"
"11",-3.01,-40.22,"iwata_2021"
"12",-3.01,-40.22,"iwata_2021"
"13",-3.01,-40.22,"iwata_2021"
"14",-3.01,-40.22,"iwata_2021"
"15",-3.01,-40.22,"iwata_2021"
"16",-3.01,-40.22,"iwata_2021"
"17",-3.01,-40.22,"iwata_2021"
"18",-3.01,-40.22,"iwata_2021"
"19",-3.01,-40.22,"iwata_2021"
"20",-3.01,-40.22,"iwata_2021"
"21",-3.01,-40.22,"iwata_2021"
"22",-3.01,-40.22,"iwata_2021"
"23",-3.01,-40.22,"iwata_2021"
"24",-3.01,-40.22,"iwata_2021"
"25",-3.01,-40.22,"iwata_2021"
"26",-3.01,-40.22,"iwata_2021"
"27",-3.01,-40.22,"iwata_2021"
"28",-3.01,-40.22,"iwata_2021"
"29",-22.75,-43.68,"loss_2009"
"30",-22.75,-43.68,"loss_2009"
"31",-22.75,-43.68,"loss_2009"
"32",-22.75,-43.68,"loss_2009"
"33",-10.44,-55.83,"oliveira_2018"
"34",-10.44,-55.83,"oliveira_2018"
"35",-10.44,-55.83,"oliveira_2018"
"36",-10.44,-55.83,"oliveira_2018"
"37",-1,-47.34,"rangel-vasconcelos_2012"
"38",-1,-47.34,"rangel-vasconcelos_2012"
"39",-1,-47.34,"rangel-vasconcelos_2012"
"40",-1,-47.34,"rangel-vasconcelos_2012"
"41",-1,-47.34,"rangel-vasconcelos_2012"
"42",-1,-47.34,"rangel-vasconcelos_2012"
"43",-1,-47.34,"rangel-vasconcelos_2012"
"44",-1,-47.34,"rangel-vasconcelos_2012"
"45",-1,-47.34,"rangel-vasconcelos_2012"
"46",-1,-47.34,"rangel-vasconcelos_2012"
"47",-1,-47.34,"rangel-vasconcelos_2012"
"48",-1,-47.34,"rangel-vasconcelos_2012"
"49",-4.13,-73.66,"silva-parra_2018"
"50",-4.13,-73.66,"silva-parra_2018"
"51",4.09,-72.97,"silva-parra_2018"
"52",4.09,-72.97,"silva-parra_2018"
"53",53.018604,-3.72944,"ford_2019"
"54",-22.24,-45.46,"melloni_2018"
"55",-22.24,-45.46,"melloni_2018"
"56",-13.16,-60.63,"muller_2012"
"57",-13.16,-60.63,"muller_2012"
"58",-13.16,-60.63,"muller_2012"
"59",-13.16,-60.63,"muller_2012"
"60",-13.16,-60.63,"muller_2012"
"61",-13.16,-60.63,"muller_2012"
"62",-13.16,-60.63,"muller_2012"
"63",-13.16,-60.63,"muller_2012"
"64",-13.16,-60.63,"muller_2012"
"65",-13.16,-60.63,"muller_2012"
"66",-13.16,-60.63,"muller_2012"
"67",-13.16,-60.63,"muller_2012"
"68",-2.68,-48.26,"santiago_2013"
"69",-2.68,-48.26,"santiago_2013"
"70",-2.68,-48.26,"santiago_2013"
"71",-2.68,-48.26,"santiago_2013"
"72",7.43,38.46,"serrano_2015"
"73",7.43,38.46,"serrano_2015"
"74",7.43,38.46,"serrano_2015"
"75",-15.28,-39.08,"barreto_2008"
"76",-15.28,-39.08,"barreto_2008"
"77",54.69,-2.67,"biffi_2022"
"78",54.69,-2.67,"biffi_2022"
"79",54.69,-2.67,"biffi_2022"
"80",54.69,-2.67,"biffi_2022"
"81",54.69,-2.67,"biffi_2022"
"82",54.69,-2.67,"biffi_2022"
"83",54.69,-2.67,"biffi_2022"
"84",54.69,-2.67,"biffi_2022"
"85",-7.51,-63.08,"campos_2016"
"86",48.1022222222222,1.29944444444444,"cardinael_2019"
"87",49.4737777777778,2.06458333333333,"cardinael_2019"
"88",46.1983333333333,0.176944444444444,"cardinael_2019"
"89",49.6675833333333,2.81566666666667,"cardinael_2019"
"90",45.2109444444444,0.129277777777778,"cardinael_2019"
"91",47.8216944444444,0.216361111111111,"cardinael_2019"
"92",46.9052777777778,0.0413055555555556,"cardinael_2019"
"93",43.7166666666667,4.06666666666667,"cardinael_2019"
"94",44.0580555555556,4.11027777777778,"cardinael_2019"
"95",46.0108333333333,0.2325,"cardinael_2019"
"96",43.7166666666667,4.06666666666667,"cardinael_2015"
"97",-20.355,-41.6686111111111,"guimaraes_2014"
"98",-20.355,-41.6686111111111,"guimaraes_2014"
"99",-20.355,-41.6686111111111,"guimaraes_2014"
"100",-20.355,-41.6686111111111,"guimaraes_2014"
"101",-20.355,-41.6686111111111,"guimaraes_2014"
"102",-20.355,-41.6686111111111,"guimaraes_2014"
"103",32.871426,120.826585,"guo_2018"
"104",32.871426,120.826585,"guo_2018"
"105",32.871426,120.826585,"guo_2018"
"106",32.871426,120.826585,"guo_2018"
"107",32.871426,120.826585,"guo_2018"
"108",32.871426,120.826585,"guo_2018"
"109",32.871426,120.826585,"guo_2018"
"110",32.871426,120.826585,"guo_2018"
"111",32.871426,120.826585,"guo_2018"
"112",32.871426,120.83,"guo_2018"
"113",-5.25805555555556,-44.68,"leite_2013"
"114",-5.25805555555556,-44.68,"leite_2013"
"115",-5.25805555555556,-44.68,"leite_2013"
"116",-5.25805555555556,-44.68,"leite_2013"
"117",-5.25805555555556,-44.68,"leite_2013"
"118",-3.63713888888889,-42.1332222222222,"leite_2014"
"119",-3.63713888888889,-42.1332222222222,"leite_2014"
"120",-3.63713888888889,-42.1332222222222,"leite_2014"
"121",-3.63713888888889,-42.1332222222222,"leite_2014"
"122",-3.63713888888889,-42.1332222222222,"leite_2014"
"123",-3.63713888888889,-42.1332222222222,"leite_2014"
"124",-3.63713888888889,-42.1332222222222,"leite_2014"
"125",-3.63713888888889,-42.1332222222222,"leite_2014"
"126",-3.63713888888889,-42.1332222222222,"leite_2014"
"127",-3.63713888888889,-42.1332222222222,"leite_2014"
"128",-3.63713888888889,-42.1332222222222,"leite_2014"
"129",-3.63713888888889,-42.1332222222222,"leite_2014"
"130",-3.63713888888889,-42.1332222222222,"leite_2014"
"131",-3.63713888888889,-42.1332222222222,"leite_2014"
"132",-3.63713888888889,-42.1332222222222,"leite_2014"
"133",-3.63713888888889,-42.1332222222222,"leite_2014"
"134",-2.53333333333333,-60.0333333333333,"marques_2015"
"135",-2.53333333333333,-60.0333333333333,"marques_2015"
"136",-2.53333333333333,-60.0333333333333,"marques_2015"
"137",-2.53333333333333,-60.0333333333333,"marques_2015"
"138",-2.53333333333333,-60.0333333333333,"marques_2015"
"139",-2.53333333333333,-60.0333333333333,"marques_2015"
"140",-2.53333333333333,-60.0333333333333,"marques_2015"
"141",-2.53333333333333,-60.0333333333333,"marques_2015"
"142",-2.53333333333333,-60.0333333333333,"marques_2015"
"143",-2.53333333333333,-60.0333333333333,"marques_2015"
"144",-2.53333333333333,-60.0333333333333,"marques_2015"
"145",-2.53333333333333,-60.0333333333333,"marques_2015"
"146",-2.53333333333333,-60.0333333333333,"marques_2015"
"147",-2.53333333333333,-60.0333333333333,"marques_2015"
"148",-2.53333333333333,-60.0333333333333,"marques_2015"
"149",-2.53333333333333,-60.0333333333333,"marques_2015"
"150",-2.53333333333333,-60.0333333333333,"marques_2015"
"151",-2.53333333333333,-60.0333333333333,"marques_2015"
"152",50.14,20.48,"mazurek&bejger_2014"
"153",30.4,-83,"nair_2007"
"154",30.4,-83,"nair_2007"
"155",30.4,-83,"nair_2007"
"156",30.4,-83,"nair_2007"
"157",30.4,-83,"nair_2007"
"158",30.4,-83,"nair_2007"
"159",28.15,-81.1666666666667,"nair_2007"
"160",28.15,-81.1666666666667,"nair_2007"
"161",28.15,-81.1666666666667,"nair_2007"
"162",28.15,-81.1666666666667,"nair_2007"
"163",28.15,-81.1666666666667,"nair_2007"
"164",28.15,-81.1666666666667,"nair_2007"
"165",51.02,11.65,"schmidt_2021"
"166",52.33,10.63,"schmidt_2021"
"167",51.78,14.63,"schmidt_2021"
"168",51.360494,4.944087,"van-den-berge_2021"
"169",51.360494,4.944087,"van-den-berge_2021"
"170",-17.75,-46.7333333333333,"vergutz_2010"
"171",-17.75,-46.7333333333333,"vergutz_2010"
"172",-17.75,-46.7333333333333,"vergutz_2010"
"173",-17.75,-46.7333333333333,"vergutz_2010"
"174",-17.75,-46.7333333333333,"vergutz_2010"
"175",-17.75,-46.7333333333333,"vergutz_2010"
"176",-17.75,-46.7333333333333,"vergutz_2010"
"177",-17.75,-46.7333333333333,"vergutz_2010"
"178",-17.75,-46.7333333333333,"vergutz_2010"
"179",-17.75,-46.7333333333333,"vergutz_2010"
"180",-17.75,-46.7333333333333,"vergutz_2010"
"181",-17.75,-46.7333333333333,"vergutz_2010"
"182",-17.75,-46.7333333333333,"vergutz_2010"
"183",-17.75,-46.7333333333333,"vergutz_2010"
"184",-17.75,-46.7333333333333,"vergutz_2010"
"185",-17.75,-46.7333333333333,"vergutz_2010"
"186",-17.75,-46.7333333333333,"vergutz_2010"
"187",-17.75,-46.7333333333333,"vergutz_2010"
"188",-17.75,-46.7333333333333,"vergutz_2010"
"189",-17.75,-46.7333333333333,"vergutz_2010"
"190",-17.75,-46.7333333333333,"vergutz_2010"
"191",-17.75,-46.7333333333333,"vergutz_2010"
"192",-17.75,-46.7333333333333,"vergutz_2010"
"193",-17.75,-46.7333333333333,"vergutz_2010"
"194",-17.75,-46.7333333333333,"vergutz_2010"
"195",48.1401388888889,-3.61227777777778,"viaud&kunnemann_2021"
"196",48.1401388888889,-3.61227777777778,"viaud&kunnemann_2021"
"197",48.1401388888889,-3.61227777777778,"viaud&kunnemann_2021"
"198",47.0100277777778,-0.747111111111111,"viaud&kunnemann_2021"
"199",47.0100277777778,-0.747111111111111,"viaud&kunnemann_2021"
"200",47.0100277777778,-0.747111111111111,"viaud&kunnemann_2021"
"201",47.866514,0.030246,"viaud&kunnemann_2021"
"202",47.866514,0.030246,"viaud&kunnemann_2021"
"203",47.866514,0.030246,"viaud&kunnemann_2021"
"204",-9.173578,-63.159113,"bastos_2021"
"205",-9.173578,-63.159113,"bastos_2021"
"206",-9.173578,-63.159113,"bastos_2021"
"207",-9.173578,-63.159113,"bastos_2021"
"208",-9.95,-54.8666666666667,"caravina_2021"
"209",-9.95,-54.8666666666667,"caravina_2021"
"210",-20.4333333333333,-54.7166666666667,"macedo_2021"
"211",-20.4333333333333,-54.7166666666667,"macedo_2021"
"212",-20.4333333333333,-54.7166666666667,"macedo_2021"
"213",-20.4333333333333,-54.7166666666667,"macedo_2021"
"214",-20.4333333333333,-54.7166666666667,"macedo_2021"
"215",-20.4333333333333,-54.7166666666667,"macedo_2021"
"216",-20.4333333333333,-54.7166666666667,"macedo_2021"
"217",-20.4333333333333,-54.7166666666667,"macedo_2021"
"218",-17.55,-46.7,"neves_2004"
"219",-17.55,-46.7,"neves_2004"
"220",-17.55,-46.7,"neves_2004"
"221",-17.55,-46.7,"neves_2004"
"222",-17.55,-46.7,"neves_2004"
"223",-17.55,-46.7,"neves_2004"
"224",-17.55,-46.7,"neves_2004"
"225",-17.55,-46.7,"neves_2004"
"226",-17.55,-46.7,"neves_2004"
"227",-17.55,-46.7,"neves_2004"
"228",-17.55,-46.7,"neves_2004"
"229",-17.55,-46.7,"neves_2004"
"230",-19.4541666666667,-44.1530555555556,"pinheiro_2021"
"231",-19.4541666666667,-44.1530555555556,"pinheiro_2021"
"232",-19.4541666666667,-44.1530555555556,"pinheiro_2021"
"233",-19.4541666666667,-44.1530555555556,"pinheiro_2021"
"234",-19.4541666666667,-44.1530555555556,"pinheiro_2021"
"235",-19.4541666666667,-44.1530555555556,"pinheiro_2021"
"236",-19.4541666666667,-44.1530555555556,"pinheiro_2021"
"237",-19.4541666666667,-44.1530555555556,"pinheiro_2021"
"238",-19.4541666666667,-44.1530555555556,"pinheiro_2021"
"239",-19.4541666666667,-44.1530555555556,"pinheiro_2021"
"240",-19.4541666666667,-44.1530555555556,"pinheiro_2021"
"241",-19.4541666666667,-44.1530555555556,"pinheiro_2021"
"242",-16.2986111111111,-43.2947222222222,"rocha_2014"
"243",-16.2986111111111,-43.2947222222222,"rocha_2014"
"244",-16.2986111111111,-43.2947222222222,"rocha_2014"
"245",-16.2986111111111,-43.2947222222222,"rocha_2014"
"246",-16.2986111111111,-43.2947222222222,"rocha_2014"
"247",-16.2986111111111,-43.2947222222222,"rocha_2014"
"248",-16.2986111111111,-43.2947222222222,"rocha_2014"
"249",-16.2986111111111,-43.2947222222222,"rocha_2014"
"250",-16.2986111111111,-43.2947222222222,"rocha_2014"
"251",-20.4333333333333,-54.7166666666667,"sousa-neto_2014"
"252",-20.4333333333333,-54.7166666666667,"sousa-neto_2014"
"253",-20.4333333333333,-54.7166666666667,"sousa-neto_2014"
"254",-20.4333333333333,-54.7166666666667,"sousa-neto_2014"
"255",-20.4333333333333,-54.7166666666667,"sousa-neto_2014"
"256",-20.4333333333333,-54.7166666666667,"sousa-neto_2014"
"257",-20.4333333333333,-54.7166666666667,"sousa-neto_2014"
"258",-20.4333333333333,-54.7166666666667,"sousa-neto_2014"
"259",10.430561,-83.999221,"tornquist_1999"
"260",10.430561,-83.999221,"tornquist_1999"
"261",10.18,-83.6,"amezquita_2004"
"262",10.01,-84.67,"amezquita_2004"
"263",7.54,1.25,"dossa_2008"
"264",-18.7477861111111,-44.4482111111111,"freitas_2020"
"265",-18.7477861111111,-44.4482111111111,"freitas_2020"
"266",-18.7477861111111,-44.4482111111111,"freitas_2020"
"267",-18.7477861111111,-44.4482111111111,"freitas_2020"
"268",-18.7477861111111,-44.4482111111111,"freitas_2020"
"269",-18.7477861111111,-44.4482111111111,"freitas_2020"
"270",-18.7477861111111,-44.4482111111111,"freitas_2020"
"271",18.45,-66.25,"parrota_1999"
"272",18.45,-66.25,"parrota_1999"
"273",18.45,-66.25,"parrota_1999"
"274",27.4044444444444,82.9363888888889,"xu_2016"
"275",27.4044444444444,82.9363888888889,"xu_2016"
"276",27.4044444444444,82.9363888888889,"xu_2016"
"277",27.4044444444444,82.9363888888889,"xu_2016"
"278",16.61,-93.12,"aryal_2018"
"279",16.25,-93.27,"aryal_2018"
"280",19.0726666666667,102.436888888889,"lopez-santiago_2019"
"281",-20.3877777777778,-40.7820055555556,"machado_2014"
"282",-20.3877777777778,-40.7820055555556,"machado_2014"
"283",-2.95818611111111,-47.3862138888889,"silva_2016"
"284",-2.95818611111111,-47.3862138888889,"silva_2016"
"285",-2.95818611111111,-47.3862138888889,"silva_2016"
"286",-2.95818611111111,-47.3862138888889,"silva_2016"
"287",-17.7,-46.7333333333333,"wendling_2011"
"288",-17.7,-46.7333333333333,"wendling_2011"
"289",-17.7,-46.7333333333333,"wendling_2011"
"290",-17.7,-46.7333333333333,"wendling_2011"
"291",-17.7,-46.7333333333333,"wendling_2011"
"292",-17.7,-46.7333333333333,"wendling_2011"
"293",-17.7,-46.7333333333333,"wendling_2011"
"294",-17.7,-46.7333333333333,"wendling_2011"
"295",-17.7,-46.7333333333333,"wendling_2011"
"296",-17.7,-46.7333333333333,"wendling_2011"
"297",-19.8711944444444,-44.4239166666667,"baldotto_2018"
"298",-16.3833333333333,-39.1833333333333,"gama-rodriguez_2008"
"299",-21.25,-45.03,"guimaraes_2018"
"300",-21.25,-45.03,"guimaraes_2018"
"301",-21.25,-45.03,"guimaraes_2018"
"302",-21.25,-45.03,"guimaraes_2018"
"303",-21.25,-45.03,"guimaraes_2018"
"304",-21.25,-45.03,"guimaraes_2018"
"305",-21.25,-45.03,"guimaraes_2018"
"306",-21.25,-45.03,"guimaraes_2018"
"307",-21.25,-45.03,"guimaraes_2018"
"308",-21.25,-45.03,"guimaraes_2018"
"309",-21.25,-45.03,"guimaraes_2018"
"310",-21.25,-45.03,"guimaraes_2018"
"311",-3.68333333333333,-40.3333333333333,"sacramento_2013"
"312",-3.68333333333333,-40.3333333333333,"sacramento_2013"
"313",-3.68333333333333,-40.3333333333333,"sacramento_2013"
"314",-3.68333333333333,-40.3333333333333,"sacramento_2013"
"315",-2.63638888888889,-54.9369444444444,"silva_2018"
"316",-2.63638888888889,-54.9369444444444,"silva_2018"
"317",-2.63638888888889,-54.9369444444444,"silva_2018"
"318",-2.63638888888889,-54.9369444444444,"silva_2018"
"319",-2.63638888888889,-54.9369444444444,"silva_2018"
"320",-2.63638888888889,-54.9369444444444,"silva_2018"
"321",-2.63638888888889,-54.9369444444444,"silva_2018"
"322",-2.63638888888889,-54.9369444444444,"silva_2018"
"323",-2.63638888888889,-54.9369444444444,"silva_2018"
"324",-5.75,-76.0833333333333,"szott_1996"
"325",-5.75,-76.0833333333333,"szott_1996"
"326",-5.75,-76.0833333333333,"szott_1996"
"327",-5.75,-76.0833333333333,"szott_1996"
"328",-5.75,-76.0833333333333,"szott_1996"
"329",-5.75,-76.0833333333333,"szott_1996"
"330",-5.75,-76.0833333333333,"szott_1996"
"331",-5.75,-76.0833333333333,"szott_1996"
"332",-5.75,-76.0833333333333,"szott_1996"
"333",-5.75,-76.0833333333333,"szott_1996"
"334",-5.75,-76.0833333333333,"szott_1996"
"335",-5.75,-76.0833333333333,"szott_1996"
"336",-5.75,-76.0833333333333,"szott_1996"
"337",-5.75,-76.0833333333333,"szott_1996"
"338",-5.75,-76.0833333333333,"szott_1996"
"339",-5.75,-76.0833333333333,"szott_1996"
"340",-5.75,-76.0833333333333,"szott_1996"
"341",-5.75,-76.0833333333333,"szott_1996"
"342",-5.75,-76.0833333333333,"szott_1996"
"343",-5.75,-76.0833333333333,"szott_1996"
"344",-5.75,-76.0833333333333,"szott_1996"
"345",-5.75,-76.0833333333333,"szott_1996"
"346",-5.75,-76.0833333333333,"szott_1996"
"347",23.92,92.62,"ahirwal_2022"
"348",23.92,92.62,"ahirwal_2022"
"349",23.92,92.62,"ahirwal_2022"
"350",23.92,92.62,"ahirwal_2022"
"351",23.92,92.62,"ahirwal_2022"
"352",23.92,92.62,"ahirwal_2022"
"353",23.92,92.62,"ahirwal_2022"
"354",23.92,92.62,"ahirwal_2022"
"355",23.92,92.62,"ahirwal_2022"
"356",39.2695638888889,-5.98037222222222,"alias_2022"
"357",39.2695638888889,-5.98037222222222,"alias_2022"
"358",39.2695638888889,-5.98037222222222,"alias_2022"
"359",6.047647,-0.522696,"asigbaase_2021"
"360",6.047647,-0.522696,"asigbaase_2021"
"361",42.71,12.11,"bateni_2021"
"362",42.71,12.11,"bateni_2021"
"363",42.71,12.11,"bateni_2021"
"364",42.71,12.11,"bateni_2021"
"365",42.71,12.11,"bateni_2021"
"366",42.71,12.11,"bateni_2021"
"367",4.43847222222222,118.048861111111,"besar _2020"
"368",4.43847222222222,118.048861111111,"besar _2020"
"369",4.43847222222222,118.048861111111,"besar _2020"
"370",4.43847222222222,118.048861111111,"besar _2020"
"371",4.43847222222222,118.048861111111,"besar _2020"
"372",4.43847222222222,118.048861111111,"besar _2020"
"373",4.43847222222222,118.048861111111,"besar _2020"
"374",4.43847222222222,118.048861111111,"besar _2020"
"375",4.43847222222222,118.048861111111,"besar _2020"
"376",9.89555555555556,-83.6686111111111,"chatterjee_2019"
"377",9.89555555555556,-83.6686111111111,"chatterjee_2019"
"378",9.89555555555556,-83.6686111111111,"chatterjee_2019"
"379",9.89555555555556,-83.6686111111111,"chatterjee_2019"
"380",9.89555555555556,-83.6686111111111,"chatterjee_2019"
"381",9.89555555555556,-83.6686111111111,"chatterjee_2019"
"382",9.89555555555556,-83.6686111111111,"chatterjee_2019"
"383",9.89555555555556,-83.6686111111111,"chatterjee_2019"
"384",9.89555555555556,-83.6686111111111,"chatterjee_2019"
"385",9.89555555555556,-83.6686111111111,"chatterjee_2019"
"386",9.89555555555556,-83.6686111111111,"chatterjee_2019"
"387",9.89555555555556,-83.6686111111111,"chatterjee_2019"
"388",9.89555555555556,-83.6686111111111,"chatterjee_2019"
"389",9.89555555555556,-83.6686111111111,"chatterjee_2019"
"390",9.89555555555556,-83.6686111111111,"chatterjee_2019"
"391",9.89555555555556,-83.6686111111111,"chatterjee_2019"
"392",27.4767111111111,85.4138944444444,"dahal_2018"
"393",27.4767111111111,85.4138944444444,"dahal_2018"
"394",27.6300222222222,85.6059222222222,"dahal_2018"
"395",27.6300222222222,85.6059222222222,"dahal_2018"
"396",8.89,36.45,"deressa_2020"
"397",8.89,36.45,"deressa_2020"
"398",8.89,36.45,"deressa_2020"
"399",8.89,36.45,"deressa_2020"
"400",8.89,36.45,"deressa_2020"
"401",8.89,36.45,"deressa_2020"
"402",8.89,36.45,"deressa_2020"
"403",8.89,36.45,"deressa_2020"
"404",8.89,36.45,"deressa_2020"
"405",8.89,36.45,"deressa_2020"
"406",8.89,36.45,"deressa_2020"
"407",41.501252,-93.860501,"eddy_2022"
"408",41.501252,-93.860501,"eddy_2022"
"409",41.501252,-93.860501,"eddy_2022"
"410",41.501252,-93.860501,"eddy_2022"
"411",41.501252,-93.860501,"eddy_2022"
"412",41.501252,-93.860501,"eddy_2022"
"413",41.501252,-93.860501,"eddy_2022"
"414",41.501252,-93.860501,"eddy_2022"
"415",41.501252,-93.860501,"eddy_2022"
"416",41.501252,-93.860501,"eddy_2022"
"417",41.501252,-93.860501,"eddy_2022"
"418",41.501252,-93.860501,"eddy_2022"
"419",41.501252,-93.860501,"eddy_2022"
"420",41.501252,-93.860501,"eddy_2022"
"421",41.501252,-93.860501,"eddy_2022"
"422",41.501252,-93.860501,"eddy_2022"
"423",41.501252,-93.860501,"eddy_2022"
"424",41.501252,-93.860501,"eddy_2022"
"425",41.501252,-93.860501,"eddy_2022"
"426",41.501252,-93.860501,"eddy_2022"
"427",14.4,39.4,"gebremeskel_2021"
"428",14.4,39.4,"gebremeskel_2021"
"429",14.4,39.4,"gebremeskel_2021"
"430",14.4,39.4,"gebremeskel_2021"
"431",14.4,39.4,"gebremeskel_2021"
"432",14.4,39.4,"gebremeskel_2021"
"433",-2.425,111.79,"hairiah_2020"
"434",-2.425,111.79,"hairiah_2020"
"435",24.66,92.66,"kalita_2020"
"436",24.66,92.66,"kalita_2020"
"437",24.66,92.66,"kalita_2020"
"438",24.66,92.66,"kalita_2020"
"439",-22.2,-47.74,"marcal_2021"
"440",-22.2,-47.74,"marcal_2021"
"441",-22.2,-47.74,"marcal_2021"
"442",-22.2,-47.74,"marcal_2021"
"443",-22.2,-47.74,"marcal_2021"
"444",-22.2,-47.74,"marcal_2021"
"445",-22.2,-47.74,"marcal_2021"
"446",-22.2,-47.74,"marcal_2021"
"447",-22.2,-47.74,"marcal_2021"
"448",-22.2,-47.74,"marcal_2021"
"449",-22.2,-47.74,"marcal_2021"
"450",-22.2,-47.74,"marcal_2021"
"451",-14.568023,-39.178739,"monroe_2022"
"452",-14.568023,-39.178739,"monroe_2022"
"453",-14.568023,-39.178739,"monroe_2022"
"454",-14.568023,-39.178739,"monroe_2022"
"455",-14.568023,-39.178739,"monroe_2022"
"456",-14.568023,-39.178739,"monroe_2022"
"457",-14.568023,-39.178739,"monroe_2022"
"458",-14.568023,-39.178739,"monroe_2022"
"459",-14.568023,-39.178739,"monroe_2022"
"460",-14.568023,-39.178739,"monroe_2022"
"461",-14.568023,-39.178739,"monroe_2022"
"462",-14.568023,-39.178739,"monroe_2022"
"463",-14.568023,-39.178739,"monroe_2022"
"464",-14.568023,-39.178739,"monroe_2022"
"465",-14.568023,-39.178739,"monroe_2022"
"466",-14.568023,-39.178739,"monroe_2022"
"467",-14.568023,-39.178739,"monroe_2022"
"468",-14.568023,-39.178739,"monroe_2022"
"469",-14.568023,-39.178739,"monroe_2022"
"470",-14.568023,-39.178739,"monroe_2022"
"471",-14.568023,-39.178739,"monroe_2022"
"472",-14.568023,-39.178739,"monroe_2022"
"473",31.576025,75.912274,"pandher_2020"
"474",31.576025,75.912274,"pandher_2020"
"475",31.576025,75.912274,"pandher_2020"
"476",31.576025,75.912274,"pandher_2020"
"477",31.576025,75.912274,"pandher_2020"
"478",31.576025,75.912274,"pandher_2020"
"479",31.576025,75.912274,"pandher_2020"
"480",31.576025,75.912274,"pandher_2020"
"481",31.576025,75.912274,"pandher_2020"
"482",31.576025,75.912274,"pandher_2020"
"483",31.576025,75.912274,"pandher_2020"
"484",31.576025,75.912274,"pandher_2020"
"485",31.576025,75.912274,"pandher_2020"
"486",31.576025,75.912274,"pandher_2020"
"487",31.576025,75.912274,"pandher_2020"
"488",25.51,78.54,"singh_2021"
"489",25.51,78.54,"singh_2021"
"490",25.51,78.54,"singh_2021"
"491",25.51,78.54,"singh_2021"
"492",25.51,78.54,"singh_2021"
"493",25.51,78.54,"singh_2021"
"494",25.51,78.54,"singh_2021"
"495",25.51,78.54,"singh_2021"
"496",25.51,78.54,"singh_2021"
"497",25.51,78.54,"singh_2021"
"498",25.51,78.54,"singh_2021"
"499",25.51,78.54,"singh_2021"
"500",25.51,78.54,"singh_2021"
"501",-21.2166666666667,-48.9166666666667,"siqueira_2019"
"502",-21.2166666666667,-48.9166666666667,"siqueira_2019"
"503",-21.2166666666667,-48.9166666666667,"siqueira_2019"
"504",-21.2166666666667,-48.9166666666667,"siqueira_2019"
"505",-21.2166666666667,-48.9166666666667,"siqueira_2019"
"506",-21.2166666666667,-48.9166666666667,"siqueira_2019"
"507",-21.2166666666667,-48.9166666666667,"siqueira_2019"
"508",-21.2166666666667,-48.9166666666667,"siqueira_2019"
"509",-21.2166666666667,-48.9166666666667,"siqueira_2019"
"510",-21.2166666666667,-48.9166666666667,"siqueira_2019"
"511",-21.2166666666667,-48.9166666666667,"siqueira_2019"
"512",-21.2166666666667,-48.9166666666667,"siqueira_2019"
"513",-21.2166666666667,-48.9166666666667,"siqueira_2019"
"514",-21.2166666666667,-48.9166666666667,"siqueira_2019"
"515",-21.2166666666667,-48.9166666666667,"siqueira_2019"
"516",-21.2166666666667,-48.9166666666667,"siqueira_2019"
"517",-21.2166666666667,-48.9166666666667,"siqueira_2019"
"518",-21.2166666666667,-48.9166666666667,"siqueira_2019"
"519",-21.2166666666667,-48.9166666666667,"siqueira_2019"
"520",-21.2166666666667,-48.9166666666667,"siqueira_2019"
"521",-21.2166666666667,-48.9166666666667,"siqueira_2019"
"522",-21.2166666666667,-48.9166666666667,"siqueira_2019"
"523",-21.2166666666667,-48.9166666666667,"siqueira_2019"
"524",-21.2166666666667,-48.9166666666667,"siqueira_2019"
"525",32.6,51.34,"surki_2020"
"526",32.6,51.34,"surki_2020"
"527",32.6,51.34,"surki_2020"
"528",31.38,73.42,"yasin_2021"
"529",31.38,73.42,"yasin_2021"
"530",31.38,73.42,"yasin_2021"
"531",31.38,73.42,"yasin_2021"
"532",31.38,73.42,"yasin_2021"
"533",31.38,73.42,"yasin_2021"
"534",13.2666667,30.4833333333333,"abaker_2016"
"535",13.2666667,30.4833333333333,"abaker_2016"
"536",13.3166667,30.1666666666666,"abaker_2016"
"537",13.3166667,30.1666666666666,"abaker_2016"
"538",13.3166667,30.1666666666666,"abaker_2016"
"539",11.399769,76.670509,"adhikary_2017"
"540",11.399769,76.670509,"adhikary_2017"
"541",11.399769,76.670509,"adhikary_2017"
"542",11.399769,76.670509,"adhikary_2017"
"543",-5.75,-76.08333333,"alegre&rao_1996"
"544",46.45,-72.9833333333333,"bambrick_2010"
"545",46.3333333,-73.1833333333333,"bambrick_2010"
"546",45.25,-73.6666666666666,"bambrick_2010"
"547",43.5411111,-80.2088888888889,"bambrick_2010"
"548",43.5411111,-80.2088888888889,"bambrick_2010"
"549",11.701321,-3.434516,"baumert_2016"
"550",11.701321,-3.434516,"baumert_2016"
"551",11.701321,-3.434516,"baumert_2016"
"552",11.701321,-3.434516,"baumert_2016"
"553",11.701321,-3.434516,"baumert_2016"
"554",11.132293,-3.112332,"baumert_2016"
"555",12.340807,-1.2516,"baumert_2016"
"556",12.278746,-0.756459,"baumert_2016"
"557",56.8833333,-2.53361111111111,"beckert_2016"
"558",56.8833333,-2.53361111111111,"beckert_2016"
"559",56.8833333,-2.53361111111111,"beckert_2016"
"560",9.895677,-83.657384,"beer_1990"
"561",9.895677,-83.657384,"beer_1990"
"562",30.97,76.61,"benbi_2012"
"563",30.97,76.61,"benbi_2012"
"564",-22.95,-48.4166666666666,"bertalot_2014"
"565",13.75,-15.7833333333333,"bright_2017"
"566",13.75,-15.7833333333333,"bright_2017"
"567",13.75,-15.7833333333333,"bright_2017"
"568",13.75,-15.7833333333333,"bright_2017"
"569",48.1022222,1.29944444444444,"cardinael_2017"
"570",46.1983333,-0.176944444444444,"cardinael_2017"
"571",46.0108333,-0.2325,"cardinael_2017"
"572",44.0608333,4.11027777777777,"cardinael_2017"
"573",45.7161111,3.0275,"cardinael_2017"
"574",29.0333333,75.0833333333333,"chander_1998"
"575",29.0333333,75.0833333333333,"chander_1998"
"576",29.0333333,75.0833333333333,"chander_1998"
"577",31.061438,76.287018,"chauhan_2010"
"578",31.061438,76.287018,"chauhan_2010"
"579",31.061438,76.287018,"chauhan_2010"
"580",31.061438,76.287018,"chauhan_2010"
"581",7.2833333,38.8,"demessie_2013"
"582",7.3,38.8,"demessie_2013"
"583",7.3,38.8,"demessie_2013"
"584",7.3166667,38.8166666666666,"demessie_2013"
"585",7.3,38.8,"demessie_2013"
"586",50,-108,"dhillon_2017"
"587",51.5,-104,"dhillon_2017"
"588",51.5,-104,"dhillon_2017"
"589",53,-104,"dhillon_2017"
"590",52,-106,"dhillon_2017"
"591",51.5,-104,"dhillon_2017"
"592",7.5,3.9,"diels_2004"
"593",7.5,3.9,"diels_2004"
"594",7.5,3.9,"diels_2004"
"595",7.5,3.9,"diels_2004"
"596",-45.4166667,-72,"dube_2012"
"597",43.0166667,-7.66666666666666,"fernandez-nunez_2010"
"598",43.0166667,-7.66666666666666,"fernandez-nunez_2010"
"599",43.0166667,-7.66666666666666,"fernandez-nunez_2010"
"600",43.0166667,-7.66666666666666,"fernandez-nunez_2010"
"601",54.0666667,-6.1,"forra_2017"
"602",-14.720728,-39.366736,"gama-rodrigues_2010"
"603",-14.720728,-39.366736,"gama-rodrigues_2010"
"604",30.9,75.6666666666666,"gupta_2009"
"605",30.9,75.6666666666666,"gupta_2009"
"606",30.9,75.6666666666666,"gupta_2009"
"607",30.9,75.6666666666666,"gupta_2009"
"608",30.9,75.6666666666666,"gupta_2009"
"609",29.75,-82.55,"haile_2008"
"610",28.15,-81.1666666666666,"haile_2008"
"611",27.2166667,-82.1333333333333,"haile_2008"
"612",30.4,-83,"haile_2008"
"613",10.0333333,-84.1333333333333,"hergoualch_2012"
"614",-1.5,120.033333333333,"hertel_2009"
"615",-1.5,120.033333333333,"hertel_2009"
"616",39.9863889,-6.10416666666666,"howlett_ 2011b"
"617",7.5,3.9,"kang_1999"
"618",7.5,3.9,"kang_1999"
"619",7.5,3.9,"kang_1999"
"620",7.5,3.9,"kang_1999"
"621",7.5,3.9,"kang_1999"
"622",7.5,3.9,"kang_1999"
"623",7.5,3.9,"kang_1999"
"624",7.5,3.9,"kang_1999"
"625",-13.65,32.5666666666666,"kaonga_2008"
"626",-13.65,32.5666666666666,"kaonga_2008"
"627",-13.65,32.5666666666666,"kaonga_2008"
"628",-13.65,32.5666666666666,"kaonga_2008"
"629",-13.65,32.5666666666666,"kaonga_2008"
"630",-13.65,32.5666666666666,"kaonga_2008"
"631",-13.65,32.5666666666666,"kaonga_2008"
"632",-13.65,32.5666666666666,"kaonga_2008"
"633",-13.65,32.5666666666666,"kaonga_2008"
"634",-13.65,32.5666666666666,"kaonga_2008"
"635",29.9833333,76.85,"kaur_2000"
"636",8.9709278,-78.5168472222222,"kirby_2007"
"637",10.2,123.75,"lasco_1999"
"638",10.2,123.75,"lasco_1999"
"639",10.2,123.75,"lasco_1999"
"640",18.922622,83.012695,"lenka_2012"
"641",18.922622,83.012695,"lenka_2012"
"642",35.0166667,112.466666666666,"lu_2015"
"643",-3.6833333,-40.3333333333333,"maia_2007"
"644",-3.6833333,-40.3333333333333,"maia_2007"
"645",-15.5,35.25,"makumba_2007"
"646",-15.5,35.25,"makumba_2007"
"647",23.2,69.7833333333333,"mangalassery_2014"
"648",23.2,69.7833333333333,"mangalassery_2014"
"649",23.2,69.7833333333333,"mangalassery_2014"
"650",23.2,69.7833333333333,"mangalassery_2014"
"651",41.3333333,119.666666666666,"mao_2012"
"652",41.3333333,119.666666666666,"mao_2012"
"653",9.8833333,-83.5666666666666,"mazzarino_1993"
"654",9.8833333,-83.5666666666666,"mazzarino_1993"
"655",-14.568023,-39.178739,"monroe_2016"
"656",-14.568023,-39.178739,"monroe_2016"
"657",-14.568023,-39.178739,"monroe_2016"
"658",-14.568023,-39.178739,"monroe_2016"
"659",-14.568023,-39.178739,"monroe_2016"
"660",4.5,11.1666666666666,"nijmeijer_2018"
"661",3.85,11.45,"norgrove_2013"
"662",9.8833333,-83.5666666666666,"oelbermann_2004"
"663",9.8833333,-83.5666666666666,"oelbermann_2004"
"664",9.8833333,-83.5666666666666,"oelbermann_2006"
"665",43.5411111,-80.2088888888889,"oelbermann_2006"
"666",50.80388889,4.21138889,"pardon_2017"
"667",50.79583333,4.21055556,"pardon_2017"
"668",50.63861111,4.2975,"pardon_2017"
"669",50.82055556,3.67083333,"pardon_2017"
"670",50.75388889,5.4375,"pardon_2017"
"671",50.73222222,5.09972222,"pardon_2017"
"672",50.87972222,2.79944444,"pardon_2017"
"673",50.73638889,3.94888889,"pardon_2017"
"674",50.86694444,3.90555556,"pardon_2017"
"675",50.83083333,3.91722222,"pardon_2017"
"676",50.87611111,2.79333333,"pardon_2017"
"677",37.03333333,-93.00388889,"paudel_2012"
"678",43.54111111,-80.20888889,"peichl_2006"
"679",43.54111111,-80.20888889,"peichl_2006"
"680",11.777485,34.330693,"raddad_2006"
"681",11.777485,34.330693,"raddad_2006"
"682",25.68916667,91.92361111,"ramesh_2015"
"683",25.68916667,91.92361111,"ramesh_2015"
"684",25.68916667,91.92361111,"ramesh_2015"
"685",25.68916667,91.92361111,"ramesh_2015"
"686",12.83333333,39.83333333,"rimhanen_2016"
"687",12.83333333,39.83333333,"rimhanen_2016"
"688",12.83333333,39.83333333,"rimhanen_2016"
"689",12.83333333,39.83333333,"rimhanen_2016"
"690",12.83333333,39.83333333,"rimhanen_2016"
"691",12.83333333,39.83333333,"rimhanen_2016"
"692",8,39,"rimhanen_2016"
"693",8,39,"rimhanen_2016"
"694",-3.636306,-42.132476,"lima_2011"
"695",-3.636306,-42.132476,"lima_2011"
"696",41.15,-96.48333333,"sauer_2007"
"697",14.681171,-91.304335,"schmitt-harsh_2012"
"698",-2.51666667,-60.01666667,"schroth_2002"
"699",16.41666667,-61.5,"sierra_2005"
"700",7.30833333,38.80833333,"singh_2010"
"701",7.30833333,38.80833333,"singh_2010"
"702",7.30833333,38.80833333,"singh_2010"
"703",7.30833333,38.80833333,"singh_2010"
"704",7.30833333,38.80833333,"singh_2010"
"705",30.980517,75.727231,"singh_2014"
"706",30.980517,75.727231,"singh_2014"
"707",30.980517,75.727231,"singh_2014"
"708",30.980517,75.727231,"singh_2014"
"709",30.980517,75.727231,"singh_2014"
"710",17.223642,-92.694764,"soto-pinto_2010"
"711",17.223642,-92.694764,"soto-pinto_2010"
"712",17.223642,-92.694764,"soto-pinto_2010"
"713",17.223642,-92.694764,"soto-pinto_2010"
"714",21.2,81.6,"swamy_2005"
"715",49.07361111,-123.08277778,"thiel_2015"
"716",49.07361111,-123.08277778,"thiel_2015"
"717",-17.6025,-46.70055556,"tonucci_2011"
"718",-17.6025,-46.70055556,"tonucci_2011"
"719",52,0.43333333,"upson_2013"
"720",52.16,-2.14083333,"upson_2016"
"721",17.472309,-92.737625,"villanueva-lopez_2015"
"722",30.98333333,119.8,"wang_2015"
"723",30.98333333,119.8,"wang_2015"
"724",47.550083,28.407517,"wiesmeier_2018"
"725",46.45,-72.9833333333333,"wins_2014"
"726",46.3333333,-73.1833333333333,"wins_2014"
"727",46.45,-72.9833333333333,"wins_2016"
"728",46.3333333,-73.1833333333333,"wins_2016"
"729",43.5411111,-80.2088888888889,"wotherspoon_2014"
"730",43.5411111,-80.2088888888889,"wotherspoon_2014"
"731",43.5411111,-80.2088888888889,"wotherspoon_2014"
"732",43.5411111,-80.2088888888889,"wotherspoon_2014"
"733",-6.66666667,37.65,"kimaro_2011"
"734",-6.66666667,37.65,"kimaro_2011"
"735",-6.66666667,37.65,"kimaro_2011"
"736",-6.66666667,37.65,"kimaro_2011"
"737",-6.66666667,37.65,"kimaro_2011"
"738",-17.34,49.35,"andriamanjara_2013"
"739",24.8,92.56,"brahma_2018"
"740",24.8,92.56,"brahma_2018"
"741",24.8,92.56,"brahma_2018"
"742",43.54,-80.21,"cardinael_2012"
"743",43.7166666666667,4.06666666666667,"cardinael_2018"
"744",43.7166666666667,4.06666666666667,"cardinael_2018"
"745",43.7166666666667,4.06666666666667,"cardinael_2018"
"746",43.7166666666667,4.06666666666667,"cardinael_2018"
"747",43.7166666666667,4.06666666666667,"cardinael_2018"
"748",43.7166666666667,4.06666666666667,"cardinael_2018"
"749",45.35,11.95,"cardinali_2014"
"750",45.35,11.95,"cardinali_2014"
"751",45.35,11.95,"cardinali_2014"
"752",-2.34,-48.26,"carvalho_2014"
"753",-2.34,-48.26,"carvalho_2014"
"754",-2.34,-48.26,"carvalho_2014"
"755",-2.34,-48.26,"carvalho_2014"
"756",-2.34,-48.26,"carvalho_2014"
"757",-2.34,-48.26,"carvalho_2014"
"758",-2.34,-48.26,"carvalho_2014"
"759",-2.34,-48.26,"carvalho_2014"
"760",-2.34,-48.26,"carvalho_2014"
"761",-2.34,-48.26,"carvalho_2014"
"762",-2.34,-48.26,"carvalho_2014"
"763",-2.34,-48.26,"carvalho_2014"
"764",-2.34,-48.26,"carvalho_2014"
"765",-2.34,-48.26,"carvalho_2014"
"766",-2.34,-48.26,"carvalho_2014"
"767",-4.33,16.3,"dubiez_2019"
"768",-4.33,16.3,"dubiez_2019"
"769",-4.33,16.3,"dubiez_2019"
"770",-4.33,16.3,"dubiez_2019"
"771",-4.33,16.3,"dubiez_2019"
"772",44.7178,-93.0975,"gamble_2020"
"773",44.7178,-93.0975,"gamble_2020"
"774",44.7178,-93.0975,"gamble_2020"
"775",43.7575,-94.3465,"gamble_2020"
"776",43.7575,-94.3465,"gamble_2020"
"777",43.7575,-94.3465,"gamble_2020"
"778",43.7575,-94.3465,"gamble_2020"
"779",34.36,107.73,"gao_2020"
"780",34.36,107.73,"gao_2020"
"781",34.36,107.73,"gao_2020"
"782",34.36,107.73,"gao_2020"
"783",34.36,107.73,"gao_2020"
"784",34.36,107.73,"gao_2020"
"785",34.36,107.73,"gao_2020"
"786",34.36,107.73,"gao_2020"
"787",34.36,107.73,"gao_2020"
"788",34.36,107.73,"gao_2020"
"789",34.36,107.73,"gao_2020"
"790",34.36,107.73,"gao_2020"
"791",34.36,107.73,"gao_2020"
"792",34.36,107.73,"gao_2020"
"793",34.36,107.73,"gao_2020"
"794",34.36,107.73,"gao_2020"
"795",34.36,107.73,"gao_2020"
"796",34.36,107.73,"gao_2020"
"797",34.36,107.73,"gao_2020"
"798",34.36,107.73,"gao_2020"
"799",-3.43,119.38,"gusli_2020"
"800",-3.43,119.38,"gusli_2020"
"801",-3.43,119.38,"gusli_2020"
"802",-3.43,119.38,"gusli_2020"
"803",-13.65,32.5666666666666,"kaonga_2009"
"804",-13.65,32.5666666666666,"kaonga_2009"
"805",-13.65,32.5666666666666,"kaonga_2009"
"806",-13.65,32.5666666666666,"kaonga_2009"
"807",-13.65,32.5666666666666,"kaonga_2009"
"808",-13.65,32.5666666666666,"kaonga_2009"
"809",-13.65,32.5666666666666,"kaonga_2009"
"810",-13.65,32.5666666666666,"kaonga_2009"
"811",-13.65,32.5666666666666,"kaonga_2009"
"812",-13.65,32.5666666666666,"kaonga_2009"
"813",-13.65,32.5666666666666,"kaonga_2009"
"814",-13.65,32.5666666666666,"kaonga_2009"
"815",-13.65,32.5666666666666,"kaonga_2009"
"816",-13.65,32.5666666666666,"kaonga_2009"
"817",-13.65,32.5666666666666,"kaonga_2009"
"818",-13.65,32.5666666666666,"kaonga_2009"
"819",-13.65,32.5666666666666,"kaonga_2009"
"820",-13.65,32.5666666666666,"kaonga_2009"
"821",-13.65,32.5666666666666,"kaonga_2009"
"822",-13.65,32.5666666666666,"kaonga_2009"
"823",-13.65,32.5666666666666,"kaonga_2009"
"824",-13.65,32.5666666666666,"kaonga_2009"
"825",-13.65,32.5666666666666,"kaonga_2009"
"826",-13.65,32.5666666666666,"kaonga_2009"
"827",-13.65,32.5666666666666,"kaonga_2009"
"828",-13.65,32.5666666666666,"kaonga_2009"
"829",-13.65,32.5666666666666,"kaonga_2009"
"830",-13.65,32.5666666666666,"kaonga_2009"
"831",-13.65,32.5666666666666,"kaonga_2009"
"832",-13.65,32.5666666666666,"kaonga_2009"
"833",-13.65,32.5666666666666,"kaonga_2009"
"834",-13.65,32.5666666666666,"kaonga_2009"
"835",-13.65,32.5666666666666,"kaonga_2009"
"836",-13.65,32.5666666666666,"kaonga_2009"
"837",-13.65,32.5666666666666,"kaonga_2009"
"838",-13.65,32.5666666666666,"kaonga_2009"
"839",-13.65,32.5666666666666,"kaonga_2009"
"840",-13.65,32.5666666666666,"kaonga_2009"
"841",-13.65,32.5666666666666,"kaonga_2009"
"842",-13.65,32.5666666666666,"kaonga_2009"
"843",-13.65,32.5666666666666,"kaonga_2009"
"844",-13.65,32.5666666666666,"kaonga_2009"
"845",-13.65,32.5666666666666,"kaonga_2009"
"846",-13.65,32.5666666666666,"kaonga_2009"
"847",-13.65,32.5666666666666,"kaonga_2009"
"848",-13.65,32.5666666666666,"kaonga_2009"
"849",-13.65,32.5666666666666,"kaonga_2009"
"850",-13.65,32.5666666666666,"kaonga_2009"
"851",-13.65,32.5666666666666,"kaonga_2009"
"852",-13.65,32.5666666666666,"kaonga_2009"
"853",-13.65,32.5666666666666,"kaonga_2009"
"854",-13.65,32.5666666666666,"kaonga_2009"
"855",-13.65,32.5666666666666,"kaonga_2009"
"856",-13.65,32.5666666666666,"kaonga_2009"
"857",-13.65,32.5666666666666,"kaonga_2009"
"858",-13.65,32.5666666666666,"kaonga_2009"
"859",-13.65,32.5666666666666,"kaonga_2009"
"860",-13.65,32.5666666666666,"kaonga_2009"
"861",-13.65,32.5666666666666,"kaonga_2009"
"862",-13.65,32.5666666666666,"kaonga_2009"
"863",-13.65,32.5666666666666,"kaonga_2009"
"864",-13.65,32.5666666666666,"kaonga_2009"
"865",-13.65,32.5666666666666,"kaonga_2009"
"866",-13.65,32.5666666666666,"kaonga_2009"
"867",-13.65,32.5666666666666,"kaonga_2009"
"868",-13.65,32.5666666666666,"kaonga_2009"
"869",-13.65,32.5666666666666,"kaonga_2009"
"870",-13.65,32.5666666666666,"kaonga_2009"
"871",-13.65,32.5666666666666,"kaonga_2009"
"872",-13.65,32.5666666666666,"kaonga_2009"
"873",-13.65,32.5666666666666,"kaonga_2009"
"874",-13.65,32.5666666666666,"kaonga_2009"
"875",-13.65,32.5666666666666,"kaonga_2009"
"876",-13.65,32.5666666666666,"kaonga_2009"
"877",-13.65,32.5666666666666,"kaonga_2009"
"878",-13.65,32.5666666666666,"kaonga_2009"
"879",-13.65,32.5666666666666,"kaonga_2009"
"880",-13.65,32.5666666666666,"kaonga_2009"
"881",-13.65,32.5666666666666,"kaonga_2009"
"882",-13.65,32.5666666666666,"kaonga_2009"
"883",-13.65,32.5666666666666,"kaonga_2009"
"884",-13.65,32.5666666666666,"kaonga_2009"
"885",-13.65,32.5666666666666,"kaonga_2009"
"886",-13.65,32.5666666666666,"kaonga_2009"
"887",-13.65,32.5666666666666,"kaonga_2009"
"888",-13.65,32.5666666666666,"kaonga_2009"
"889",-13.65,32.5666666666666,"kaonga_2009"
"890",-13.65,32.5666666666666,"kaonga_2009"
"891",-13.65,32.5666666666666,"kaonga_2009"
"892",-13.65,32.5666666666666,"kaonga_2009"
"893",-13.65,32.5666666666666,"kaonga_2009"
"894",-13.65,32.5666666666666,"kaonga_2009"
"895",-13.65,32.5666666666666,"kaonga_2009"
"896",-13.65,32.5666666666666,"kaonga_2009"
"897",-13.65,32.5666666666666,"kaonga_2009"
"898",-13.65,32.5666666666666,"kaonga_2009"
"899",-13.65,32.5666666666666,"kaonga_2009"
"900",-13.65,32.5666666666666,"kaonga_2009"
"901",-13.65,32.5666666666666,"kaonga_2009"
"902",-13.65,32.5666666666666,"kaonga_2009"
"903",-13.65,32.5666666666666,"kaonga_2009"
"904",-13.65,32.5666666666666,"kaonga_2009"
"905",-13.65,32.5666666666666,"kaonga_2009"
"906",-13.65,32.5666666666666,"kaonga_2009"
"907",-13.65,32.5666666666666,"kaonga_2009"
"908",-13.65,32.5666666666666,"kaonga_2009"
"909",-13.65,32.5666666666666,"kaonga_2009"
"910",-13.65,32.5666666666666,"kaonga_2009"
"911",-13.65,32.5666666666666,"kaonga_2009"
"912",-13.65,32.5666666666666,"kaonga_2009"
"913",-13.65,32.5666666666666,"kaonga_2009"
"914",-13.65,32.5666666666666,"kaonga_2009"
"915",-13.65,32.5666666666666,"kaonga_2009"
"916",-13.65,32.5666666666666,"kaonga_2009"
"917",-13.65,32.5666666666666,"kaonga_2009"
"918",-13.65,32.5666666666666,"kaonga_2009"
"919",-13.65,32.5666666666666,"kaonga_2009"
"920",-13.65,32.5666666666666,"kaonga_2009"
"921",-13.65,32.5666666666666,"kaonga_2009"
"922",-13.65,32.5666666666666,"kaonga_2009"
"923",-13.65,32.5666666666666,"kaonga_2009"
"924",-13.65,32.5666666666666,"kaonga_2009"
"925",-13.65,32.5666666666666,"kaonga_2009"
"926",-13.65,32.5666666666666,"kaonga_2009"
"927",-13.65,32.5666666666666,"kaonga_2009"
"928",-13.65,32.5666666666666,"kaonga_2009"
"929",-13.65,32.5666666666666,"kaonga_2009"
"930",-13.65,32.5666666666666,"kaonga_2009"
"931",-13.65,32.5666666666666,"kaonga_2009"
"932",-13.65,32.5666666666666,"kaonga_2009"
"933",-13.65,32.5666666666666,"kaonga_2009"
"934",-13.65,32.5666666666666,"kaonga_2009"
"935",-13.65,32.5666666666666,"kaonga_2009"
"936",-13.65,32.5666666666666,"kaonga_2009"
"937",-13.65,32.5666666666666,"kaonga_2009"
"938",-13.65,32.5666666666666,"kaonga_2009"
"939",-13.65,32.5666666666666,"kaonga_2009"
"940",-13.65,32.5666666666666,"kaonga_2009"
"941",-13.65,32.5666666666666,"kaonga_2009"
"942",-13.65,32.5666666666666,"kaonga_2009"
"943",-13.65,32.5666666666666,"kaonga_2009"
"944",-13.65,32.5666666666666,"kaonga_2009"
"945",-13.65,32.5666666666666,"kaonga_2009"
"946",-13.65,32.5666666666666,"kaonga_2009"
"947",-13.65,32.5666666666666,"kaonga_2009"
"948",-13.65,32.5666666666666,"kaonga_2009"
"949",-13.65,32.5666666666666,"kaonga_2009"
"950",-13.65,32.5666666666666,"kaonga_2009"
"951",-13.65,32.5666666666666,"kaonga_2009"
"952",-13.65,32.5666666666666,"kaonga_2009"
"953",-13.65,32.5666666666666,"kaonga_2009"
"954",-13.65,32.5666666666666,"kaonga_2009"
"955",-13.65,32.5666666666666,"kaonga_2009"
"956",-13.65,32.5666666666666,"kaonga_2009"
"957",-13.65,32.5666666666666,"kaonga_2009"
"958",-13.65,32.5666666666666,"kaonga_2009"
"959",-13.65,32.5666666666666,"kaonga_2009"
"960",-13.65,32.5666666666666,"kaonga_2009"
"961",-13.65,32.5666666666666,"kaonga_2009"
"962",-13.65,32.5666666666666,"kaonga_2009"
"963",-13.65,32.5666666666666,"kaonga_2009"
"964",-13.65,32.5666666666666,"kaonga_2009"
"965",-13.65,32.5666666666666,"kaonga_2009"
"966",-13.65,32.5666666666666,"kaonga_2009"
"967",-13.65,32.5666666666666,"kaonga_2009"
"968",-13.65,32.5666666666666,"kaonga_2009"
"969",-13.65,32.5666666666666,"kaonga_2009"
"970",-13.65,32.5666666666666,"kaonga_2009"
"971",-13.65,32.5666666666666,"kaonga_2009"
"972",-13.65,32.5666666666666,"kaonga_2009"
"973",-13.65,32.5666666666666,"kaonga_2009"
"974",-13.65,32.5666666666666,"kaonga_2009"
"975",-13.65,32.5666666666666,"kaonga_2009"
"976",-13.65,32.5666666666666,"kaonga_2009"
"977",-13.65,32.5666666666666,"kaonga_2009"
"978",-13.65,32.5666666666666,"kaonga_2009"
"979",-13.65,32.5666666666666,"kaonga_2009"
"980",-13.65,32.5666666666666,"kaonga_2009"
"981",-13.65,32.5666666666666,"kaonga_2009"
"982",-13.65,32.5666666666666,"kaonga_2009"
"983",-13.65,32.5666666666666,"kaonga_2009"
"984",-13.65,32.5666666666666,"kaonga_2009"
"985",46.38,-97.3,"khaleel_2019"
"986",46.38,-97.3,"khaleel_2019"
"987",46.27,-97.45,"khaleel_2019"
"988",46.27,-97.45,"khaleel_2019"
"989",43.42,-98.42,"khaleel_2019"
"990",43.42,-98.42,"khaleel_2019"
"991",43.42,-98.39,"khaleel_2019"
"992",43.42,-98.39,"khaleel_2019"
"993",41.12,-97.59,"khaleel_2019"
"994",38.56,-97.85,"khaleel_2019"
"995",38.4,-97.69,"khaleel_2019"
"996",38.4,-97.69,"khaleel_2019"
"997",-6.67,37.65,"kimaro_2007"
"998",-6.67,37.65,"kimaro_2007"
"999",-6.67,37.65,"kimaro_2007"
"1000",-6.67,37.65,"kimaro_2007"
"1001",-6.67,37.65,"kimaro_2007"
"1002",-6.67,37.65,"kimaro_2007"
"1003",26.06,93.32,"laskar_2021"
"1004",26.06,93.32,"laskar_2021"
"1005",26.06,93.25,"laskar_2021"
"1006",26.05,93.24,"laskar_2021"
"1007",26.05,93.25,"laskar_2021"
"1008",-7.45,-35.24,"lira-jr_2020"
"1009",-7.45,-35.24,"lira-jr_2020"
"1010",-7.45,-35.24,"lira-jr_2020"
"1011",-7.45,-35.24,"lira-jr_2020"
"1012",-7.45,-35.24,"lira-jr_2020"
"1013",-7.45,-35.24,"lira-jr_2020"
"1014",-7.45,-35.24,"lira-jr_2020"
"1015",-7.45,-35.24,"lira-jr_2020"
"1016",-7.45,-35.24,"lira-jr_2020"
"1017",-7.45,-35.24,"lira-jr_2020"
"1018",-7.45,-35.24,"lira-jr_2020"
"1019",-7.45,-35.24,"lira-jr_2020"
"1020",-7.45,-35.24,"lira-jr_2020"
"1021",-7.45,-35.24,"lira-jr_2020"
"1022",-7.45,-35.24,"lira-jr_2020"
"1023",-7.45,-35.24,"lira-jr_2020"
"1024",-7.45,-35.24,"lira-jr_2020"
"1025",-7.45,-35.24,"lira-jr_2020"
"1026",-7.45,-35.24,"lira-jr_2020"
"1027",-7.45,-35.24,"lira-jr_2020"
"1028",-7.45,-35.24,"lira-jr_2020"
"1029",-7.45,-35.24,"lira-jr_2020"
"1030",-7.45,-35.24,"lira-jr_2020"
"1031",-7.45,-35.24,"lira-jr_2020"
"1032",16.5,-93.17,"morales-ruiz_2020"
"1033",16.5,-93.17,"morales-ruiz_2020"
"1034",16.5,-93.17,"morales-ruiz_2020"
"1035",16.5,-93.17,"morales-ruiz_2020"
"1036",16.5,-93.17,"morales-ruiz_2020"
"1037",16.5,-93.17,"morales-ruiz_2020"
"1038",1.59,-75.62,"navarrete_2016"
"1039",1.59,-75.62,"navarrete_2016"
"1040",1.59,-75.62,"navarrete_2016"
"1041",1.59,-75.62,"navarrete_2016"
"1042",1.59,-75.62,"navarrete_2016"
"1043",-4.16,-69.91,"navarrete_2016"
"1044",-4.16,-69.91,"navarrete_2016"
"1045",-4.16,-69.91,"navarrete_2016"
"1046",-4.16,-69.91,"navarrete_2016"
"1047",51.78,14.57,"nii-annang_2009"
"1048",51.78,14.57,"nii-annang_2009"
"1049",-3.75,33,"osei_2018"
"1050",-3.75,33,"osei_2018"
"1051",-3.75,33,"osei_2018"
"1052",-3.75,33,"osei_2018"
"1053",-3.75,33,"osei_2018"
"1054",-3.75,33,"osei_2018"
"1055",-3.75,33,"osei_2018"
"1056",-3.75,33,"osei_2018"
"1057",-3.75,33,"osei_2018"
"1058",-3.75,33,"osei_2018"
"1059",1.13,-75.38,"polania-hicapie_2021"
"1060",1.13,-75.38,"polania-hicapie_2021"
"1061",1.88,-75.38,"polania-hicapie_2021"
"1062",1.88,-75.38,"polania-hicapie_2021"
"1063",1.88,-75.38,"polania-hicapie_2021"
"1064",-38.46,175.12,"power_2003"
"1065",-38.46,175.12,"power_2003"
"1066",-38.46,175.12,"power_2003"
"1067",-38.46,175.12,"power_2003"
"1068",-38.46,175.12,"power_2003"
"1069",-38.46,175.12,"power_2003"
"1070",-38.46,175.12,"power_2003"
"1071",-38.46,175.12,"power_2003"
"1072",-38.19,176.26,"power_2003"
"1073",-38.19,176.26,"power_2003"
"1074",-38.19,176.26,"power_2003"
"1075",-38.19,176.26,"power_2003"
"1076",-38.19,176.26,"power_2003"
"1077",-38.19,176.26,"power_2003"
"1078",-38.19,176.26,"power_2003"
"1079",-38.19,176.26,"power_2003"
"1080",-37.11,175.04,"power_2003"
"1081",-37.11,175.04,"power_2003"
"1082",-37.11,175.04,"power_2003"
"1083",-37.11,175.04,"power_2003"
"1084",-37.11,175.04,"power_2003"
"1085",-37.11,175.04,"power_2003"
"1086",-37.11,175.04,"power_2003"
"1087",-37.11,175.04,"power_2003"
"1088",-37.11,175.04,"power_2003"
"1089",22.61,100.67,"rigal_2020"
"1090",1.5,-75.66,"rodriguez_2021"
"1091",1.5,-75.66,"rodriguez_2021"
"1092",1.5,-75.66,"rodriguez_2021"
"1093",1.5,-75.66,"rodriguez_2021"
"1094",1.5,-75.66,"rodriguez_2021"
"1095",1.5,-75.66,"rodriguez_2021"
"1096",1.5,-75.66,"rodriguez_2021"
"1097",1.5,-75.66,"rodriguez_2021"
"1098",40.02,-92.18,"salceda_2021"
"1099",40.02,-92.18,"salceda_2021"
"1100",-20.46,-50.06,"sarto_2020"
"1101",-20.46,-50.06,"sarto_2020"
"1102",-20.46,-50.06,"sarto_2020"
"1103",-20.46,-50.06,"sarto_2020"
"1104",-20.46,-50.06,"sarto_2020"
"1105",-20.46,-50.06,"sarto_2020"
"1106",-31.62,-52.52,"stocker_2020"
"1107",-31.62,-52.52,"stocker_2020"
"1108",-31.62,-52.52,"stocker_2020"
"1109",1.5,-75.66,"suarez_2021"
"1110",1.5,-75.66,"suarez_2021"
"1111",1.5,-75.66,"suarez_2021"
"1112",1.5,-75.66,"suarez_2021"
"1113",0.8,32.76,"tumwebaze_2012"
"1114",0.8,32.76,"tumwebaze_2012"
"1115",23.9,91.32,"yadav_2021"
"1116",23.9,91.32,"yadav_2021"
"1117",23.9,91.32,"yadav_2021"
"1118",23.9,91.32,"yadav_2021"
"1119",23.9,91.32,"yadav_2021"
"1120",23.9,91.32,"yadav_2021"
"1121",23.9,91.32,"yadav_2021"
"1122",23.9,91.32,"yadav_2021"
"1123",23.9,91.32,"yadav_2021"
"1124",23.9,91.32,"yadav_2021"
"1125",23.9,91.32,"yadav_2021"
"1126",23.9,91.32,"yadav_2021"
"1127",23.9,91.32,"yadav_2021"
"1128",23.9,91.32,"yadav_2021"
"1129",23.9,91.32,"yadav_2021"
"1130",23.9,91.32,"yadav_2021"
"1131",34.28,74.77,"zahoor_2021"
"1132",34.28,74.77,"zahoor_2021"
"1133",34.28,74.77,"zahoor_2021"
"1134",0.8,32.76,"zake_2015"
"1135",0.8,32.76,"zake_2015"
